stock,date,action
AAL,2022-03-18,Sell
AAP,2022-03-18,Sell
AAPL,2022-03-18,Sell
ABBV,2022-03-18,Buy
ABC,2022-03-18,Buy
ABMD,2022-03-18,Buy
ABT,2022-03-18,Sell
ACN,2022-03-18,Buy
ADBE,2022-03-18,Sell
ADI,2022-03-18,Buy
ADM,2022-03-18,Buy
ADP,2022-03-18,Buy
ADSK,2022-03-18,Sell
AEE,2022-03-18,Buy
AEP,2022-03-18,Buy
AES,2022-03-18,Buy
AFL,2022-03-18,Buy
AIG,2022-03-18,Buy
AIZ,2022-03-18,Buy
AJG,2022-03-18,Buy
AKAM,2022-03-18,Buy
ALB,2022-03-18,Buy
ALGN,2022-03-18,Buy
ALK,2022-03-18,Sell
ALL,2022-03-18,Buy
ALLE,2022-03-18,Buy
AMAT,2022-03-18,Buy
AMCR,2022-03-18,Sell
AMD,2022-03-18,Buy
AME,2022-03-18,Buy
AMGN,2022-03-18,Sell
AMT,2022-03-18,Buy
AMZN,2022-03-18,Buy
ANET,2022-03-18,Buy
ANSS,2022-03-18,Buy
ANTM,2022-03-18,Buy
AON,2022-03-18,Buy
APA,2022-03-18,Sell
APD,2022-03-18,Sell
APH,2022-03-18,Buy
APTV,2022-03-18,Sell
ARE,2022-03-18,Buy
ATVI,2022-03-18,Buy
AVB,2022-03-18,Buy
AVGO,2022-03-18,Buy
AVY,2022-03-18,Buy
AWK,2022-03-18,Buy
AXP,2022-03-18,Buy
AZO,2022-03-18,Buy
BA,2022-03-18,Sell
BAX,2022-03-18,Buy
BBWI,2022-03-18,Sell
BBY,2022-03-18,Buy
BEN,2022-03-18,Sell
BIIB,2022-03-18,Sell
BLL,2022-03-18,Buy
BSX,2022-03-18,Buy
BXP,2022-03-18,Sell
CARR,2022-03-18,Sell
CAT,2022-03-18,Buy
CB,2022-03-18,Buy
CBOE,2022-03-18,Buy
CBRE,2022-03-18,Buy
CDAY,2022-03-18,Sell
CDNS,2022-03-18,Buy
CDW,2022-03-18,Buy
CERN,2022-03-18,Buy
CHD,2022-03-18,Buy
CHRW,2022-03-18,Buy
CHTR,2022-03-18,Buy
CL,2022-03-18,Sell
CLX,2022-03-18,Sell
CMA,2022-03-18,Buy
CMCSA,2022-03-18,Sell
CME,2022-03-18,Buy
CMG,2022-03-18,Buy
CMI,2022-03-18,Buy
CMS,2022-03-18,Buy
CNP,2022-03-18,Buy
COO,2022-03-18,Buy
COP,2022-03-18,Buy
COST,2022-03-18,Buy
CPB,2022-03-18,Sell
CRM,2022-03-18,Buy
CSCO,2022-03-18,Buy
CSX,2022-03-18,Buy
CTAS,2022-03-18,Buy
CTLT,2022-03-18,Buy
CTRA,2022-03-18,Sell
CTSH,2022-03-18,Buy
CTVA,2022-03-18,Buy
CTXS,2022-03-18,Sell
CVS,2022-03-18,Buy
CVX,2022-03-18,Buy
CZR,2022-03-18,Buy
D,2022-03-18,Buy
DAL,2022-03-18,Sell
DD,2022-03-18,Sell
DE,2022-03-18,Buy
DFS,2022-03-18,Buy
DG,2022-03-18,Buy
DHI,2022-03-18,Buy
DHR,2022-03-18,Buy
DIS,2022-03-18,Sell
DISCA,2022-03-18,Sell
DISCK,2022-03-18,Sell
DISH,2022-03-18,Sell
DLTR,2022-03-18,Buy
DOW,2022-03-18,Sell
DPZ,2022-03-18,Buy
DRI,2022-03-18,Buy
DVN,2022-03-18,Sell
DXC,2022-03-18,Sell
DXCM,2022-03-18,Buy
EA,2022-03-18,Sell
EFX,2022-03-18,Buy
EL,2022-03-18,Buy
EMN,2022-03-18,Buy
EMR,2022-03-18,Buy
ENPH,2022-03-18,Buy
EOG,2022-03-18,Buy
EQIX,2022-03-18,Buy
ESS,2022-03-18,Buy
ETN,2022-03-18,Buy
ETR,2022-03-18,Buy
EXPE,2022-03-18,Buy
EXR,2022-03-18,Buy
F,2022-03-18,Buy
FAST,2022-03-18,Buy
FB,2022-03-18,Sell
FCX,2022-03-18,Buy
FFIV,2022-03-18,Buy
FIS,2022-03-18,Sell
FOXA,2022-03-18,Buy
FRC,2022-03-18,Buy
FRT,2022-03-18,Sell
GE,2022-03-18,Sell
GILD,2022-03-18,Sell
GIS,2022-03-18,Buy
GL,2022-03-18,Buy
GLW,2022-03-18,Buy
GM,2022-03-18,Sell
GNRC,2022-03-18,Buy
GOOG,2022-03-18,Buy
GOOGL,2022-03-18,Buy
GPC,2022-03-18,Buy
GPN,2022-03-18,Sell
GRMN,2022-03-18,Buy
GS,2022-03-18,Buy
GWW,2022-03-18,Buy
HAL,2022-03-18,Sell
HAS,2022-03-18,Sell
HBAN,2022-03-18,Buy
HCA,2022-03-18,Buy
HD,2022-03-18,Buy
HES,2022-03-18,Buy
HIG,2022-03-18,Buy
HII,2022-03-18,Sell
HLT,2022-03-18,Buy
HOLX,2022-03-18,Buy
HPQ,2022-03-18,Buy
HRL,2022-03-18,Buy
HST,2022-03-18,Sell
HSY,2022-03-18,Buy
HUM,2022-03-18,Buy
HWM,2022-03-18,Buy
IBM,2022-03-18,Sell
ICE,2022-03-18,Buy
IEX,2022-03-18,Buy
INCY,2022-03-18,Sell
INTC,2022-03-18,Sell
INTU,2022-03-18,Buy
IP,2022-03-18,Sell
IPGP,2022-03-18,Sell
IR,2022-03-18,Buy
IRM,2022-03-18,Buy
IT,2022-03-18,Buy
ITW,2022-03-18,Buy
IVZ,2022-03-18,Sell
J,2022-03-18,Buy
JBHT,2022-03-18,Buy
JCI,2022-03-18,Buy
JKHY,2022-03-18,Buy
JNPR,2022-03-18,Buy
K,2022-03-18,Sell
KEY,2022-03-18,Buy
KEYS,2022-03-18,Buy
KHC,2022-03-18,Sell
KLAC,2022-03-18,Buy
KMB,2022-03-18,Sell
KMI,2022-03-18,Sell
KMX,2022-03-18,Buy
KR,2022-03-18,Buy
LDOS,2022-03-18,Buy
LEN,2022-03-18,Buy
LH,2022-03-18,Buy
LHX,2022-03-18,Buy
LMT,2022-03-18,Buy
LNC,2022-03-18,Sell
LNT,2022-03-18,Buy
LOW,2022-03-18,Buy
LRCX,2022-03-18,Buy
LUV,2022-03-18,Sell
LVS,2022-03-18,Sell
LW,2022-03-18,Sell
LYB,2022-03-18,Sell
LYV,2022-03-18,Buy
MA,2022-03-18,Buy
MAA,2022-03-18,Buy
MAR,2022-03-18,Buy
MAS,2022-03-18,Buy
MCHP,2022-03-18,Buy
MCK,2022-03-18,Buy
MCO,2022-03-18,Buy
MDLZ,2022-03-18,Buy
MDT,2022-03-18,Sell
MET,2022-03-18,Buy
MGM,2022-03-18,Buy
MHK,2022-03-18,Sell
MKC,2022-03-18,Buy
MKTX,2022-03-18,Sell
MLM,2022-03-18,Buy
MO,2022-03-18,Sell
MOH,2022-03-18,Buy
MOS,2022-03-18,Buy
MRK,2022-03-18,Buy
MS,2022-03-18,Buy
MTCH,2022-03-18,Buy
MTD,2022-03-18,Buy
MU,2022-03-18,Buy
NCLH,2022-03-18,Sell
NDAQ,2022-03-18,Buy
NEE,2022-03-18,Buy
NEM,2022-03-18,Buy
NFLX,2022-03-18,Sell
NI,2022-03-18,Buy
NLOK,2022-03-18,Sell
NLSN,2022-03-18,Sell
NRG,2022-03-18,Sell
NSC,2022-03-18,Buy
NTAP,2022-03-18,Buy
NUE,2022-03-18,Buy
NVDA,2022-03-18,Buy
NVR,2022-03-18,Buy
NWL,2022-03-18,Sell
NWS,2022-03-18,Buy
NWSA,2022-03-18,Buy
O,2022-03-18,Buy
ODFL,2022-03-18,Buy
OGN,2022-03-18,Sell
OKE,2022-03-18,Buy
OMC,2022-03-18,Buy
ORCL,2022-03-18,Buy
ORLY,2022-03-18,Buy
OTIS,2022-03-18,Sell
OXY,2022-03-18,Sell
PAYC,2022-03-18,Buy
PAYX,2022-03-18,Buy
PCAR,2022-03-18,Buy
PEAK,2022-03-18,Sell
PEG,2022-03-18,Buy
PENN,2022-03-18,Buy
PFE,2022-03-18,Buy
PFG,2022-03-18,Buy
PG,2022-03-18,Buy
PGR,2022-03-18,Buy
PH,2022-03-18,Buy
PHM,2022-03-18,Buy
PKG,2022-03-18,Buy
PKI,2022-03-18,Buy
PLD,2022-03-18,Buy
PM,2022-03-18,Sell
PNC,2022-03-18,Buy
PNR,2022-03-18,Buy
PNW,2022-03-18,Sell
POOL,2022-03-18,Buy
PPG,2022-03-18,Sell
PPL,2022-03-18,Sell
PRU,2022-03-18,Buy
PSA,2022-03-18,Buy
PSX,2022-03-18,Sell
PTC,2022-03-18,Buy
PVH,2022-03-18,Sell
PWR,2022-03-18,Buy
PXD,2022-03-18,Buy
PYPL,2022-03-18,Sell
QCOM,2022-03-18,Buy
QRVO,2022-03-18,Buy
RCL,2022-03-18,Sell
RE,2022-03-18,Buy
REG,2022-03-18,Sell
REGN,2022-03-18,Buy
RF,2022-03-18,Buy
RJF,2022-03-18,Buy
RL,2022-03-18,Sell
RMD,2022-03-18,Buy
ROK,2022-03-18,Buy
ROL,2022-03-18,Buy
ROP,2022-03-18,Buy
RSG,2022-03-18,Buy
RTX,2022-03-18,Buy
SBAC,2022-03-18,Buy
SBNY,2022-03-18,Buy
SBUX,2022-03-18,Buy
SEDG,2022-03-18,Buy
SEE,2022-03-18,Buy
SHW,2022-03-18,Buy
SIVB,2022-03-18,Buy
SJM,2022-03-18,Sell
SLB,2022-03-18,Sell
SNA,2022-03-18,Buy
SNPS,2022-03-18,Buy
SPG,2022-03-18,Sell
SPGI,2022-03-18,Buy
SRE,2022-03-18,Buy
STT,2022-03-18,Sell
STZ,2022-03-18,Sell
T,2022-03-18,Sell
TEL,2022-03-18,Buy
TFC,2022-03-18,Buy
TMO,2022-03-18,Buy
TMUS,2022-03-18,Buy
TPR,2022-03-18,Sell
TRMB,2022-03-18,Buy
TROW,2022-03-18,Buy
TSLA,2022-03-18,Buy
TSN,2022-03-18,Buy
TT,2022-03-18,Buy
TXN,2022-03-18,Buy
UA,2022-03-18,Sell
UAA,2022-03-18,Sell
UAL,2022-03-18,Sell
ULTA,2022-03-18,Buy
UNH,2022-03-18,Buy
UNP,2022-03-18,Buy
UPS,2022-03-18,Buy
URI,2022-03-18,Buy
USB,2022-03-18,Buy
V,2022-03-18,Buy
VFC,2022-03-18,Sell
VMC,2022-03-18,Buy
VRSK,2022-03-18,Buy
VRSN,2022-03-18,Buy
VRTX,2022-03-18,Buy
VTR,2022-03-18,Sell
WAB,2022-03-18,Buy
WAT,2022-03-18,Buy
WBA,2022-03-18,Sell
WDC,2022-03-18,Sell
WEC,2022-03-18,Buy
WELL,2022-03-18,Buy
WFC,2022-03-18,Sell
WHR,2022-03-18,Sell
WM,2022-03-18,Buy
WMB,2022-03-18,Sell
WMT,2022-03-18,Buy
WRB,2022-03-18,Buy
WRK,2022-03-18,Sell
WST,2022-03-18,Buy
WTW,2022-03-18,Buy
WY,2022-03-18,Buy
WYNN,2022-03-18,Sell
XEL,2022-03-18,Buy
XRAY,2022-03-18,Sell
XYL,2022-03-18,Buy
YUM,2022-03-18,Buy
ZBH,2022-03-18,Buy
ZBRA,2022-03-18,Buy
ZION,2022-03-18,Buy
A,2022-03-21,Buy
AAP,2022-03-21,Buy
AAPL,2022-03-21,Sell
ABC,2022-03-21,Buy
ABT,2022-03-21,Buy
ACN,2022-03-21,Buy
ADBE,2022-03-21,Buy
ADI,2022-03-21,Buy
ADM,2022-03-21,Buy
ADP,2022-03-21,Buy
ADSK,2022-03-21,Buy
AEP,2022-03-21,Sell
AES,2022-03-21,Buy
AIG,2022-03-21,Sell
AIZ,2022-03-21,Buy
AJG,2022-03-21,Buy
ALB,2022-03-21,Sell
ALGN,2022-03-21,Buy
ALL,2022-03-21,Buy
ALLE,2022-03-21,Buy
AMAT,2022-03-21,Buy
AMCR,2022-03-21,Buy
AMD,2022-03-21,Buy
AME,2022-03-21,Buy
AMGN,2022-03-21,Buy
AMP,2022-03-21,Buy
AMT,2022-03-21,Buy
ANET,2022-03-21,Sell
ANSS,2022-03-21,Buy
AON,2022-03-21,Buy
AOS,2022-03-21,Buy
APA,2022-03-21,Sell
APD,2022-03-21,Buy
APTV,2022-03-21,Buy
ATO,2022-03-21,Sell
ATVI,2022-03-21,Buy
AVGO,2022-03-21,Buy
AVY,2022-03-21,Sell
AWK,2022-03-21,Sell
AXP,2022-03-21,Buy
AZO,2022-03-21,Buy
BA,2022-03-21,Sell
BAC,2022-03-21,Sell
BAX,2022-03-21,Buy
BBWI,2022-03-21,Sell
BDX,2022-03-21,Buy
BEN,2022-03-21,Sell
BF-B,2022-03-21,Buy
BIIB,2022-03-21,Buy
BIO,2022-03-21,Buy
BK,2022-03-21,Buy
BKNG,2022-03-21,Buy
BKR,2022-03-21,Sell
BLK,2022-03-21,Sell
BLL,2022-03-21,Sell
BMY,2022-03-21,Sell
BR,2022-03-21,Buy
BRK-B,2022-03-21,Buy
BRO,2022-03-21,Buy
BSX,2022-03-21,Sell
BWA,2022-03-21,Sell
BXP,2022-03-21,Buy
C,2022-03-21,Sell
CAG,2022-03-21,Sell
CAH,2022-03-21,Sell
CARR,2022-03-21,Buy
CAT,2022-03-21,Buy
CB,2022-03-21,Buy
CBOE,2022-03-21,Buy
CCI,2022-03-21,Buy
CCL,2022-03-21,Buy
CDW,2022-03-21,Buy
CE,2022-03-21,Sell
CEG,2022-03-21,Sell
CF,2022-03-21,Sell
CFG,2022-03-21,Buy
CHD,2022-03-21,Sell
CHRW,2022-03-21,Buy
CI,2022-03-21,Buy
CINF,2022-03-21,Sell
CLX,2022-03-21,Buy
CMA,2022-03-21,Buy
CMCSA,2022-03-21,Buy
CMG,2022-03-21,Sell
CMI,2022-03-21,Buy
CNC,2022-03-21,Sell
COF,2022-03-21,Sell
COO,2022-03-21,Buy
COP,2022-03-21,Buy
COST,2022-03-21,Buy
CPB,2022-03-21,Sell
CPRT,2022-03-21,Buy
CRL,2022-03-21,Buy
CSCO,2022-03-21,Sell
CSX,2022-03-21,Sell
CTLT,2022-03-21,Buy
CTRA,2022-03-21,Sell
CTSH,2022-03-21,Buy
CTXS,2022-03-21,Buy
CVS,2022-03-21,Buy
CZR,2022-03-21,Buy
D,2022-03-21,Buy
DAL,2022-03-21,Buy
DD,2022-03-21,Sell
DE,2022-03-21,Buy
DFS,2022-03-21,Buy
DG,2022-03-21,Buy
DGX,2022-03-21,Sell
DHI,2022-03-21,Buy
DIS,2022-03-21,Buy
DISCA,2022-03-21,Sell
DISH,2022-03-21,Sell
DLR,2022-03-21,Buy
DLTR,2022-03-21,Sell
DOV,2022-03-21,Sell
DOW,2022-03-21,Buy
DPZ,2022-03-21,Buy
DRE,2022-03-21,Buy
DRI,2022-03-21,Sell
DTE,2022-03-21,Buy
DUK,2022-03-21,Buy
DVA,2022-03-21,Sell
DVN,2022-03-21,Buy
DXC,2022-03-21,Sell
DXCM,2022-03-21,Buy
EA,2022-03-21,Sell
EBAY,2022-03-21,Buy
ECL,2022-03-21,Sell
ED,2022-03-21,Buy
EFX,2022-03-21,Buy
EIX,2022-03-21,Buy
EL,2022-03-21,Buy
EMN,2022-03-21,Sell
EMR,2022-03-21,Sell
ENPH,2022-03-21,Sell
EPAM,2022-03-21,Buy
EQR,2022-03-21,Buy
ES,2022-03-21,Sell
ETN,2022-03-21,Buy
ETR,2022-03-21,Buy
ETSY,2022-03-21,Buy
EVRG,2022-03-21,Buy
EW,2022-03-21,Buy
EXC,2022-03-21,Buy
EXPD,2022-03-21,Buy
FANG,2022-03-21,Buy
FAST,2022-03-21,Buy
FB,2022-03-21,Buy
FBHS,2022-03-21,Buy
FCX,2022-03-21,Buy
FDS,2022-03-21,Buy
FDX,2022-03-21,Buy
FE,2022-03-21,Buy
FFIV,2022-03-21,Buy
FIS,2022-03-21,Buy
FISV,2022-03-21,Buy
FITB,2022-03-21,Sell
FLT,2022-03-21,Buy
FMC,2022-03-21,Sell
FOX,2022-03-21,Buy
FOXA,2022-03-21,Buy
FRC,2022-03-21,Buy
FTNT,2022-03-21,Buy
FTV,2022-03-21,Sell
GD,2022-03-21,Sell
GE,2022-03-21,Sell
GILD,2022-03-21,Sell
GIS,2022-03-21,Buy
GL,2022-03-21,Buy
GM,2022-03-21,Buy
GOOGL,2022-03-21,Sell
GPN,2022-03-21,Buy
GS,2022-03-21,Sell
GWW,2022-03-21,Sell
HAL,2022-03-21,Buy
HAS,2022-03-21,Buy
HBAN,2022-03-21,Buy
HCA,2022-03-21,Sell
HD,2022-03-21,Buy
HII,2022-03-21,Sell
HLT,2022-03-21,Sell
HON,2022-03-21,Buy
HPE,2022-03-21,Buy
HPQ,2022-03-21,Buy
HRL,2022-03-21,Sell
HSIC,2022-03-21,Sell
HST,2022-03-21,Buy
HUM,2022-03-21,Sell
HWM,2022-03-21,Sell
IBM,2022-03-21,Buy
IDXX,2022-03-21,Buy
IFF,2022-03-21,Buy
ILMN,2022-03-21,Buy
INCY,2022-03-21,Sell
INTC,2022-03-21,Buy
INTU,2022-03-21,Sell
IP,2022-03-21,Sell
IPG,2022-03-21,Sell
IPGP,2022-03-21,Buy
IQV,2022-03-21,Buy
IR,2022-03-21,Sell
IRM,2022-03-21,Sell
ISRG,2022-03-21,Buy
IT,2022-03-21,Buy
IVZ,2022-03-21,Sell
J,2022-03-21,Buy
JBHT,2022-03-21,Buy
JKHY,2022-03-21,Sell
JNJ,2022-03-21,Sell
JNPR,2022-03-21,Sell
JPM,2022-03-21,Buy
K,2022-03-21,Buy
KEY,2022-03-21,Buy
KEYS,2022-03-21,Sell
KIM,2022-03-21,Buy
KLAC,2022-03-21,Sell
KMB,2022-03-21,Sell
KMI,2022-03-21,Sell
KMX,2022-03-21,Buy
KO,2022-03-21,Buy
KR,2022-03-21,Buy
L,2022-03-21,Sell
LDOS,2022-03-21,Buy
LEN,2022-03-21,Buy
LH,2022-03-21,Buy
LHX,2022-03-21,Buy
LIN,2022-03-21,Buy
LKQ,2022-03-21,Buy
LLY,2022-03-21,Buy
LMT,2022-03-21,Buy
LNC,2022-03-21,Sell
LNT,2022-03-21,Buy
LOW,2022-03-21,Sell
LRCX,2022-03-21,Sell
LUMN,2022-03-21,Buy
MCD,2022-03-21,Buy
MCO,2022-03-21,Sell
MDLZ,2022-03-21,Buy
MKC,2022-03-21,Buy
MKTX,2022-03-21,Buy
MLM,2022-03-21,Buy
MMC,2022-03-21,Buy
MMM,2022-03-21,Sell
MNST,2022-03-21,Buy
MO,2022-03-21,Buy
MOH,2022-03-21,Sell
MOS,2022-03-21,Sell
MPC,2022-03-21,Buy
MPWR,2022-03-21,Sell
MRK,2022-03-21,Sell
MRNA,2022-03-21,Buy
MRO,2022-03-21,Sell
MS,2022-03-21,Sell
MSCI,2022-03-21,Sell
MSFT,2022-03-21,Buy
MSI,2022-03-21,Buy
MTB,2022-03-21,Buy
MTCH,2022-03-21,Buy
MTD,2022-03-21,Sell
MU,2022-03-21,Buy
NCLH,2022-03-21,Sell
NDSN,2022-03-21,Sell
NKE,2022-03-21,Buy
NOC,2022-03-21,Sell
NOW,2022-03-21,Buy
NSC,2022-03-21,Sell
NTRS,2022-03-21,Sell
NVDA,2022-03-21,Sell
NWL,2022-03-21,Buy
NWS,2022-03-21,Buy
NXPI,2022-03-21,Sell
O,2022-03-21,Buy
PARA,2022-03-21,Buy
PBCT,2022-03-21,Sell
PCAR,2022-03-21,Buy
PEG,2022-03-21,Buy
PENN,2022-03-21,Buy
PEP,2022-03-21,Buy
PFG,2022-03-21,Sell
PG,2022-03-21,Buy
PH,2022-03-21,Buy
PKG,2022-03-21,Buy
PKI,2022-03-21,Sell
PLD,2022-03-21,Buy
PM,2022-03-21,Buy
PNC,2022-03-21,Buy
PNR,2022-03-21,Buy
PNW,2022-03-21,Buy
PPG,2022-03-21,Buy
PPL,2022-03-21,Buy
PSA,2022-03-21,Buy
PSX,2022-03-21,Sell
PTC,2022-03-21,Buy
PWR,2022-03-21,Sell
PXD,2022-03-21,Buy
QCOM,2022-03-21,Buy
QRVO,2022-03-21,Buy
RCL,2022-03-21,Sell
RE,2022-03-21,Sell
REG,2022-03-21,Buy
REGN,2022-03-21,Buy
RF,2022-03-21,Sell
RHI,2022-03-21,Buy
RJF,2022-03-21,Buy
RMD,2022-03-21,Sell
ROK,2022-03-21,Buy
ROP,2022-03-21,Buy
ROST,2022-03-21,Sell
RSG,2022-03-21,Sell
RTX,2022-03-21,Sell
SBNY,2022-03-21,Buy
SCHW,2022-03-21,Buy
SEDG,2022-03-21,Buy
SHW,2022-03-21,Buy
SIVB,2022-03-21,Buy
SJM,2022-03-21,Buy
SLB,2022-03-21,Sell
SNA,2022-03-21,Buy
SNPS,2022-03-21,Buy
SO,2022-03-21,Sell
SPG,2022-03-21,Sell
SPGI,2022-03-21,Buy
STE,2022-03-21,Sell
STT,2022-03-21,Buy
STX,2022-03-21,Sell
STZ,2022-03-21,Sell
SWK,2022-03-21,Sell
SWKS,2022-03-21,Buy
SYF,2022-03-21,Buy
SYK,2022-03-21,Buy
SYY,2022-03-21,Sell
T,2022-03-21,Buy
TAP,2022-03-21,Buy
TDG,2022-03-21,Buy
TDY,2022-03-21,Buy
TECH,2022-03-21,Buy
TEL,2022-03-21,Sell
TER,2022-03-21,Buy
TFC,2022-03-21,Sell
TFX,2022-03-21,Buy
TGT,2022-03-21,Buy
TJX,2022-03-21,Buy
TMO,2022-03-21,Buy
TMUS,2022-03-21,Buy
TPR,2022-03-21,Sell
TRMB,2022-03-21,Sell
TRV,2022-03-21,Sell
TSCO,2022-03-21,Sell
TT,2022-03-21,Buy
TTWO,2022-03-21,Buy
TWTR,2022-03-21,Buy
TXT,2022-03-21,Sell
TYL,2022-03-21,Sell
UA,2022-03-21,Buy
UAA,2022-03-21,Buy
UDR,2022-03-21,Buy
UHS,2022-03-21,Buy
UNH,2022-03-21,Sell
UNP,2022-03-21,Buy
UPS,2022-03-21,Buy
USB,2022-03-21,Buy
V,2022-03-21,Sell
VLO,2022-03-21,Buy
VNO,2022-03-21,Buy
VRSK,2022-03-21,Buy
VRSN,2022-03-21,Buy
VRTX,2022-03-21,Buy
VTR,2022-03-21,Sell
VTRS,2022-03-21,Sell
VZ,2022-03-21,Buy
WAT,2022-03-21,Buy
WBA,2022-03-21,Buy
WEC,2022-03-21,Sell
WELL,2022-03-21,Buy
WFC,2022-03-21,Buy
WM,2022-03-21,Sell
WMB,2022-03-21,Sell
WRB,2022-03-21,Buy
WRK,2022-03-21,Sell
WST,2022-03-21,Sell
WTW,2022-03-21,Sell
WY,2022-03-21,Buy
WYNN,2022-03-21,Sell
XEL,2022-03-21,Sell
XOM,2022-03-21,Sell
XRAY,2022-03-21,Sell
YUM,2022-03-21,Sell
ZBH,2022-03-21,Buy
ZION,2022-03-21,Sell
ZTS,2022-03-21,Sell
A,2022-03-22,Buy
AAL,2022-03-22,Buy
AAP,2022-03-22,Buy
AAPL,2022-03-22,Buy
ABBV,2022-03-22,Buy
ABMD,2022-03-22,Buy
ACN,2022-03-22,Buy
ADBE,2022-03-22,Buy
ADI,2022-03-22,Buy
ADM,2022-03-22,Buy
AEE,2022-03-22,Buy
AEP,2022-03-22,Sell
AES,2022-03-22,Buy
AFL,2022-03-22,Buy
AIZ,2022-03-22,Buy
AJG,2022-03-22,Sell
AKAM,2022-03-22,Buy
ALK,2022-03-22,Buy
AMP,2022-03-22,Sell
AMZN,2022-03-22,Sell
ANTM,2022-03-22,Buy
AOS,2022-03-22,Buy
APA,2022-03-22,Buy
APD,2022-03-22,Sell
APH,2022-03-22,Sell
ARE,2022-03-22,Sell
ATO,2022-03-22,Sell
ATVI,2022-03-22,Sell
AVB,2022-03-22,Sell
AVGO,2022-03-22,Buy
AZO,2022-03-22,Sell
BAC,2022-03-22,Sell
BBY,2022-03-22,Sell
BDX,2022-03-22,Sell
BEN,2022-03-22,Buy
BF-B,2022-03-22,Buy
BIIB,2022-03-22,Sell
BIO,2022-03-22,Buy
BK,2022-03-22,Buy
BKNG,2022-03-22,Sell
BKR,2022-03-22,Buy
BLK,2022-03-22,Sell
BLL,2022-03-22,Buy
BMY,2022-03-22,Buy
BR,2022-03-22,Buy
BRK-B,2022-03-22,Sell
BRO,2022-03-22,Sell
BWA,2022-03-22,Buy
C,2022-03-22,Buy
CAG,2022-03-22,Buy
CAH,2022-03-22,Buy
CARR,2022-03-22,Buy
CB,2022-03-22,Sell
CBOE,2022-03-22,Buy
CBRE,2022-03-22,Buy
CCI,2022-03-22,Sell
CCL,2022-03-22,Buy
CDAY,2022-03-22,Buy
CDNS,2022-03-22,Buy
CDW,2022-03-22,Sell
CE,2022-03-22,Sell
CEG,2022-03-22,Buy
CERN,2022-03-22,Sell
CF,2022-03-22,Buy
CFG,2022-03-22,Buy
CHD,2022-03-22,Sell
CHTR,2022-03-22,Buy
CI,2022-03-22,Sell
CINF,2022-03-22,Buy
CL,2022-03-22,Buy
CLX,2022-03-22,Buy
CMA,2022-03-22,Buy
CMCSA,2022-03-22,Buy
CME,2022-03-22,Sell
CMG,2022-03-22,Sell
CMI,2022-03-22,Sell
CMS,2022-03-22,Sell
CNC,2022-03-22,Buy
CNP,2022-03-22,Sell
COF,2022-03-22,Sell
COO,2022-03-22,Sell
COP,2022-03-22,Sell
COST,2022-03-22,Sell
CPB,2022-03-22,Buy
CPRT,2022-03-22,Sell
CRL,2022-03-22,Sell
CRM,2022-03-22,Buy
CSCO,2022-03-22,Sell
CSX,2022-03-22,Buy
CTAS,2022-03-22,Sell
CTLT,2022-03-22,Sell
CTRA,2022-03-22,Buy
CTVA,2022-03-22,Buy
CTXS,2022-03-22,Buy
CVS,2022-03-22,Sell
CVX,2022-03-22,Sell
CZR,2022-03-22,Sell
D,2022-03-22,Sell
DAL,2022-03-22,Buy
DD,2022-03-22,Buy
DE,2022-03-22,Buy
DFS,2022-03-22,Sell
DG,2022-03-22,Sell
DGX,2022-03-22,Buy
DHI,2022-03-22,Sell
DHR,2022-03-22,Buy
DIS,2022-03-22,Buy
DISCA,2022-03-22,Buy
DISCK,2022-03-22,Buy
DISH,2022-03-22,Buy
DLR,2022-03-22,Sell
DLTR,2022-03-22,Buy
DOV,2022-03-22,Buy
DRE,2022-03-22,Sell
DTE,2022-03-22,Sell
DUK,2022-03-22,Sell
DVA,2022-03-22,Sell
EBAY,2022-03-22,Sell
ECL,2022-03-22,Buy
ED,2022-03-22,Sell
EIX,2022-03-22,Buy
EMR,2022-03-22,Sell
ENPH,2022-03-22,Sell
EOG,2022-03-22,Sell
EPAM,2022-03-22,Sell
EQIX,2022-03-22,Sell
EQR,2022-03-22,Sell
ES,2022-03-22,Sell
ESS,2022-03-22,Sell
ETN,2022-03-22,Sell
ETSY,2022-03-22,Sell
EVRG,2022-03-22,Sell
EW,2022-03-22,Sell
EXC,2022-03-22,Sell
EXPD,2022-03-22,Sell
EXPE,2022-03-22,Sell
EXR,2022-03-22,Sell
F,2022-03-22,Sell
FANG,2022-03-22,Sell
FB,2022-03-22,Sell
FBHS,2022-03-22,Sell
FCX,2022-03-22,Sell
FDS,2022-03-22,Sell
FDX,2022-03-22,Buy
FE,2022-03-22,Sell
FIS,2022-03-22,Buy
FISV,2022-03-22,Sell
FITB,2022-03-22,Sell
FLT,2022-03-22,Buy
FMC,2022-03-22,Sell
FOX,2022-03-22,Buy
FRT,2022-03-22,Sell
FTNT,2022-03-22,Sell
FTV,2022-03-22,Buy
GD,2022-03-22,Sell
GIS,2022-03-22,Buy
GLW,2022-03-22,Sell
GNRC,2022-03-22,Sell
GOOG,2022-03-22,Buy
GPC,2022-03-22,Sell
GRMN,2022-03-22,Sell
GS,2022-03-22,Sell
HES,2022-03-22,Sell
HIG,2022-03-22,Buy
HII,2022-03-22,Sell
HOLX,2022-03-22,Sell
HON,2022-03-22,Buy
HPE,2022-03-22,Buy
HPQ,2022-03-22,Sell
HRL,2022-03-22,Sell
HSIC,2022-03-22,Buy
HST,2022-03-22,Buy
HSY,2022-03-22,Buy
HUM,2022-03-22,Buy
HWM,2022-03-22,Sell
IBM,2022-03-22,Sell
ICE,2022-03-22,Sell
IDXX,2022-03-22,Buy
IEX,2022-03-22,Buy
IFF,2022-03-22,Buy
ILMN,2022-03-22,Buy
INCY,2022-03-22,Sell
INTC,2022-03-22,Buy
IP,2022-03-22,Sell
IPG,2022-03-22,Sell
IQV,2022-03-22,Sell
IR,2022-03-22,Sell
IRM,2022-03-22,Sell
ISRG,2022-03-22,Sell
IT,2022-03-22,Sell
ITW,2022-03-22,Sell
IVZ,2022-03-22,Buy
J,2022-03-22,Sell
JBHT,2022-03-22,Sell
JCI,2022-03-22,Sell
JNJ,2022-03-22,Sell
JPM,2022-03-22,Sell
K,2022-03-22,Buy
KEY,2022-03-22,Sell
KHC,2022-03-22,Sell
KIM,2022-03-22,Buy
KLAC,2022-03-22,Sell
KMI,2022-03-22,Buy
KMX,2022-03-22,Buy
KO,2022-03-22,Sell
KR,2022-03-22,Sell
L,2022-03-22,Buy
LIN,2022-03-22,Sell
LKQ,2022-03-22,Sell
LLY,2022-03-22,Sell
LNC,2022-03-22,Buy
LNT,2022-03-22,Sell
LRCX,2022-03-22,Sell
LUMN,2022-03-22,Buy
LUV,2022-03-22,Buy
LVS,2022-03-22,Buy
LW,2022-03-22,Buy
LYB,2022-03-22,Buy
LYV,2022-03-22,Buy
MA,2022-03-22,Sell
MAA,2022-03-22,Sell
MAR,2022-03-22,Sell
MAS,2022-03-22,Sell
MCD,2022-03-22,Sell
MCHP,2022-03-22,Sell
MCK,2022-03-22,Sell
MCO,2022-03-22,Sell
MDLZ,2022-03-22,Sell
MDT,2022-03-22,Buy
MET,2022-03-22,Sell
MGM,2022-03-22,Buy
MHK,2022-03-22,Sell
MKC,2022-03-22,Sell
MKTX,2022-03-22,Buy
MLM,2022-03-22,Sell
MMC,2022-03-22,Sell
MMM,2022-03-22,Buy
MNST,2022-03-22,Sell
MOH,2022-03-22,Sell
MOS,2022-03-22,Sell
MPC,2022-03-22,Sell
MPWR,2022-03-22,Buy
MRK,2022-03-22,Sell
MRNA,2022-03-22,Sell
MRO,2022-03-22,Buy
MS,2022-03-22,Sell
MSCI,2022-03-22,Buy
MSFT,2022-03-22,Sell
MSI,2022-03-22,Sell
MTB,2022-03-22,Sell
MTD,2022-03-22,Buy
NCLH,2022-03-22,Buy
NDAQ,2022-03-22,Buy
NDSN,2022-03-22,Sell
NEE,2022-03-22,Sell
NEM,2022-03-22,Sell
NFLX,2022-03-22,Buy
NI,2022-03-22,Sell
NKE,2022-03-22,Sell
NLOK,2022-03-22,Buy
NLSN,2022-03-22,Buy
NOC,2022-03-22,Buy
NOW,2022-03-22,Sell
NRG,2022-03-22,Buy
NTAP,2022-03-22,Buy
NTRS,2022-03-22,Sell
NUE,2022-03-22,Sell
NVDA,2022-03-22,Sell
NVR,2022-03-22,Sell
NWL,2022-03-22,Buy
NWS,2022-03-22,Sell
NWSA,2022-03-22,Buy
NXPI,2022-03-22,Sell
O,2022-03-22,Buy
ODFL,2022-03-22,Sell
OGN,2022-03-22,Buy
OKE,2022-03-22,Sell
OMC,2022-03-22,Buy
ORCL,2022-03-22,Sell
ORLY,2022-03-22,Sell
OTIS,2022-03-22,Buy
OXY,2022-03-22,Buy
PARA,2022-03-22,Sell
PAYC,2022-03-22,Buy
PAYX,2022-03-22,Sell
PBCT,2022-03-22,Sell
PCAR,2022-03-22,Sell
PEAK,2022-03-22,Sell
PENN,2022-03-22,Buy
PEP,2022-03-22,Sell
PFE,2022-03-22,Sell
PFG,2022-03-22,Sell
PG,2022-03-22,Sell
PGR,2022-03-22,Sell
PHM,2022-03-22,Sell
PKI,2022-03-22,Buy
PLD,2022-03-22,Buy
PM,2022-03-22,Buy
PNC,2022-03-22,Buy
POOL,2022-03-22,Buy
PPG,2022-03-22,Sell
PPL,2022-03-22,Buy
PRU,2022-03-22,Sell
PSX,2022-03-22,Buy
PTC,2022-03-22,Sell
PVH,2022-03-22,Buy
PYPL,2022-03-22,Buy
RHI,2022-03-22,Sell
RL,2022-03-22,Buy
ROL,2022-03-22,Buy
ROST,2022-03-22,Sell
RSG,2022-03-22,Sell
RTX,2022-03-22,Buy
SBAC,2022-03-22,Sell
SBUX,2022-03-22,Sell
SCHW,2022-03-22,Sell
SEDG,2022-03-22,Sell
SEE,2022-03-22,Sell
SHW,2022-03-22,Sell
SNA,2022-03-22,Sell
SO,2022-03-22,Sell
SRE,2022-03-22,Sell
STE,2022-03-22,Sell
STT,2022-03-22,Buy
STX,2022-03-22,Buy
STZ,2022-03-22,Buy
SWK,2022-03-22,Buy
SWKS,2022-03-22,Buy
SYF,2022-03-22,Buy
SYK,2022-03-22,Sell
SYY,2022-03-22,Buy
T,2022-03-22,Sell
TAP,2022-03-22,Sell
TDG,2022-03-22,Buy
TDY,2022-03-22,Sell
TECH,2022-03-22,Sell
TER,2022-03-22,Sell
TFX,2022-03-22,Sell
TGT,2022-03-22,Sell
TJX,2022-03-22,Sell
TMO,2022-03-22,Buy
TPR,2022-03-22,Buy
TRMB,2022-03-22,Buy
TROW,2022-03-22,Buy
TRV,2022-03-22,Buy
TSCO,2022-03-22,Buy
TSLA,2022-03-22,Sell
TSN,2022-03-22,Sell
TT,2022-03-22,Sell
TTWO,2022-03-22,Buy
TWTR,2022-03-22,Buy
TXN,2022-03-22,Buy
TXT,2022-03-22,Buy
TYL,2022-03-22,Buy
UA,2022-03-22,Buy
UAL,2022-03-22,Buy
UDR,2022-03-22,Sell
UHS,2022-03-22,Buy
ULTA,2022-03-22,Sell
UNH,2022-03-22,Buy
UNP,2022-03-22,Sell
UPS,2022-03-22,Sell
URI,2022-03-22,Buy
USB,2022-03-22,Sell
V,2022-03-22,Sell
VFC,2022-03-22,Buy
VLO,2022-03-22,Sell
VMC,2022-03-22,Sell
VNO,2022-03-22,Sell
VRSK,2022-03-22,Sell
VRSN,2022-03-22,Sell
VRTX,2022-03-22,Sell
VTR,2022-03-22,Buy
VTRS,2022-03-22,Sell
VZ,2022-03-22,Buy
WAB,2022-03-22,Buy
WAT,2022-03-22,Sell
WBA,2022-03-22,Sell
WDC,2022-03-22,Buy
WEC,2022-03-22,Buy
WELL,2022-03-22,Sell
WHR,2022-03-22,Buy
WM,2022-03-22,Buy
WMB,2022-03-22,Buy
WMT,2022-03-22,Buy
WRB,2022-03-22,Sell
WRK,2022-03-22,Buy
WST,2022-03-22,Sell
WTW,2022-03-22,Sell
WY,2022-03-22,Buy
WYNN,2022-03-22,Sell
XEL,2022-03-22,Sell
XOM,2022-03-22,Sell
XRAY,2022-03-22,Buy
XYL,2022-03-22,Buy
YUM,2022-03-22,Sell
ZBH,2022-03-22,Sell
ZBRA,2022-03-22,Buy
ZION,2022-03-22,Sell
ZTS,2022-03-22,Buy
A,2022-03-23,Sell
AAL,2022-03-23,Buy
AAP,2022-03-23,Sell
ABBV,2022-03-23,Sell
ABC,2022-03-23,Sell
ABMD,2022-03-23,Sell
ABT,2022-03-23,Sell
ACN,2022-03-23,Sell
ADBE,2022-03-23,Sell
ADI,2022-03-23,Sell
ADM,2022-03-23,Sell
ADP,2022-03-23,Sell
ADSK,2022-03-23,Sell
AEE,2022-03-23,Sell
AEP,2022-03-23,Buy
AFL,2022-03-23,Sell
AIG,2022-03-23,Sell
AJG,2022-03-23,Sell
AKAM,2022-03-23,Sell
ALB,2022-03-23,Sell
ALGN,2022-03-23,Sell
ALK,2022-03-23,Sell
ALL,2022-03-23,Buy
ALLE,2022-03-23,Sell
AMAT,2022-03-23,Sell
AMCR,2022-03-23,Sell
AMD,2022-03-23,Sell
AME,2022-03-23,Sell
AMGN,2022-03-23,Sell
AMP,2022-03-23,Sell
AMT,2022-03-23,Sell
AMZN,2022-03-23,Sell
ANET,2022-03-23,Sell
ANSS,2022-03-23,Sell
ANTM,2022-03-23,Sell
AON,2022-03-23,Buy
AOS,2022-03-23,Sell
APA,2022-03-23,Buy
APD,2022-03-23,Sell
APH,2022-03-23,Sell
APTV,2022-03-23,Buy
ARE,2022-03-23,Sell
ATO,2022-03-23,Sell
ATVI,2022-03-23,Sell
AVB,2022-03-23,Buy
AVY,2022-03-23,Sell
AWK,2022-03-23,Sell
AXP,2022-03-23,Sell
BA,2022-03-23,Buy
BAC,2022-03-23,Buy
BAX,2022-03-23,Sell
BBWI,2022-03-23,Buy
BBY,2022-03-23,Sell
BDX,2022-03-23,Sell
BEN,2022-03-23,Buy
BF-B,2022-03-23,Sell
BIIB,2022-03-23,Buy
BIO,2022-03-23,Sell
BK,2022-03-23,Sell
BKNG,2022-03-23,Sell
BKR,2022-03-23,Buy
BLK,2022-03-23,Sell
BMY,2022-03-23,Sell
BR,2022-03-23,Sell
BRK-B,2022-03-23,Sell
BRO,2022-03-23,Sell
BSX,2022-03-23,Sell
BWA,2022-03-23,Buy
BXP,2022-03-23,Sell
C,2022-03-23,Buy
CAG,2022-03-23,Sell
CAH,2022-03-23,Buy
CAT,2022-03-23,Sell
CBOE,2022-03-23,Sell
CBRE,2022-03-23,Sell
CCI,2022-03-23,Sell
CCL,2022-03-23,Buy
CDAY,2022-03-23,Buy
CDNS,2022-03-23,Sell
CE,2022-03-23,Sell
CEG,2022-03-23,Buy
CERN,2022-03-23,Sell
CF,2022-03-23,Sell
CFG,2022-03-23,Sell
CHD,2022-03-23,Buy
CHRW,2022-03-23,Sell
CHTR,2022-03-23,Sell
CI,2022-03-23,Sell
CINF,2022-03-23,Sell
CL,2022-03-23,Buy
CLX,2022-03-23,Sell
CME,2022-03-23,Sell
CMG,2022-03-23,Sell
CMS,2022-03-23,Buy
CNC,2022-03-23,Sell
CNP,2022-03-23,Sell
COF,2022-03-23,Sell
COO,2022-03-23,Sell
COP,2022-03-23,Sell
COST,2022-03-23,Sell
CPB,2022-03-23,Buy
CPRT,2022-03-23,Sell
CRL,2022-03-23,Sell
CRM,2022-03-23,Sell
CSCO,2022-03-23,Buy
CTAS,2022-03-23,Sell
CTLT,2022-03-23,Sell
CTSH,2022-03-23,Sell
CTVA,2022-03-23,Sell
CTXS,2022-03-23,Sell
CVS,2022-03-23,Sell
CVX,2022-03-23,Sell
CZR,2022-03-23,Sell
D,2022-03-23,Sell
DAL,2022-03-23,Sell
DD,2022-03-23,Buy
DE,2022-03-23,Sell
DFS,2022-03-23,Sell
DG,2022-03-23,Sell
DGX,2022-03-23,Sell
DHI,2022-03-23,Buy
DHR,2022-03-23,Sell
DIS,2022-03-23,Sell
DISCA,2022-03-23,Buy
DISCK,2022-03-23,Sell
DISH,2022-03-23,Buy
DLR,2022-03-23,Sell
DLTR,2022-03-23,Sell
DOV,2022-03-23,Sell
DOW,2022-03-23,Buy
DPZ,2022-03-23,Sell
DRE,2022-03-23,Sell
DRI,2022-03-23,Buy
DTE,2022-03-23,Sell
DUK,2022-03-23,Sell
DVA,2022-03-23,Sell
DVN,2022-03-23,Sell
DXC,2022-03-23,Buy
DXCM,2022-03-23,Sell
EA,2022-03-23,Buy
EBAY,2022-03-23,Sell
ECL,2022-03-23,Sell
ED,2022-03-23,Sell
EFX,2022-03-23,Sell
EIX,2022-03-23,Sell
EL,2022-03-23,Sell
EMN,2022-03-23,Sell
ENPH,2022-03-23,Sell
EOG,2022-03-23,Buy
EPAM,2022-03-23,Sell
EQIX,2022-03-23,Sell
EQR,2022-03-23,Sell
ES,2022-03-23,Buy
ESS,2022-03-23,Sell
ETR,2022-03-23,Sell
ETSY,2022-03-23,Sell
EVRG,2022-03-23,Sell
EW,2022-03-23,Sell
EXC,2022-03-23,Sell
EXPD,2022-03-23,Sell
EXPE,2022-03-23,Sell
EXR,2022-03-23,Sell
F,2022-03-23,Sell
FANG,2022-03-23,Sell
FAST,2022-03-23,Sell
FB,2022-03-23,Buy
FBHS,2022-03-23,Sell
FCX,2022-03-23,Sell
FDS,2022-03-23,Sell
FDX,2022-03-23,Sell
FE,2022-03-23,Sell
FFIV,2022-03-23,Sell
FISV,2022-03-23,Buy
FITB,2022-03-23,Sell
FLT,2022-03-23,Buy
FMC,2022-03-23,Buy
FOX,2022-03-23,Sell
FOXA,2022-03-23,Sell
FRC,2022-03-23,Sell
FRT,2022-03-23,Buy
FTNT,2022-03-23,Sell
FTV,2022-03-23,Buy
GD,2022-03-23,Sell
GE,2022-03-23,Sell
GILD,2022-03-23,Sell
GL,2022-03-23,Sell
GLW,2022-03-23,Sell
GM,2022-03-23,Buy
GNRC,2022-03-23,Sell
GOOG,2022-03-23,Sell
GOOGL,2022-03-23,Sell
GPC,2022-03-23,Sell
GPN,2022-03-23,Sell
GRMN,2022-03-23,Sell
GS,2022-03-23,Sell
GWW,2022-03-23,Sell
HAL,2022-03-23,Buy
HAS,2022-03-23,Sell
HBAN,2022-03-23,Sell
HCA,2022-03-23,Sell
HD,2022-03-23,Sell
HES,2022-03-23,Sell
HIG,2022-03-23,Sell
HLT,2022-03-23,Buy
HOLX,2022-03-23,Sell
HON,2022-03-23,Sell
HPE,2022-03-23,Sell
HSIC,2022-03-23,Sell
HSY,2022-03-23,Sell
ICE,2022-03-23,Sell
IDXX,2022-03-23,Sell
IEX,2022-03-23,Sell
IFF,2022-03-23,Sell
ILMN,2022-03-23,Buy
INTU,2022-03-23,Sell
IP,2022-03-23,Buy
IPG,2022-03-23,Sell
IPGP,2022-03-23,Buy
IQV,2022-03-23,Sell
ISRG,2022-03-23,Sell
ITW,2022-03-23,Sell
JCI,2022-03-23,Sell
JKHY,2022-03-23,Buy
JNJ,2022-03-23,Sell
JNPR,2022-03-23,Sell
JPM,2022-03-23,Sell
KEYS,2022-03-23,Sell
KHC,2022-03-23,Buy
KIM,2022-03-23,Sell
KMB,2022-03-23,Buy
KO,2022-03-23,Sell
L,2022-03-23,Sell
LDOS,2022-03-23,Sell
LEN,2022-03-23,Buy
LH,2022-03-23,Buy
LHX,2022-03-23,Sell
LIN,2022-03-23,Buy
LKQ,2022-03-23,Sell
LLY,2022-03-23,Sell
LMT,2022-03-23,Sell
LOW,2022-03-23,Sell
LUMN,2022-03-23,Buy
LUV,2022-03-23,Sell
LVS,2022-03-23,Sell
LW,2022-03-23,Buy
LYB,2022-03-23,Sell
LYV,2022-03-23,Sell
MA,2022-03-23,Buy
MAA,2022-03-23,Sell
MAR,2022-03-23,Sell
MAS,2022-03-23,Sell
MCD,2022-03-23,Sell
MCHP,2022-03-23,Sell
MCK,2022-03-23,Sell
MCO,2022-03-23,Sell
MDLZ,2022-03-23,Sell
MDT,2022-03-23,Sell
MET,2022-03-23,Sell
MGM,2022-03-23,Sell
MHK,2022-03-23,Buy
MKC,2022-03-23,Sell
MKTX,2022-03-23,Buy
MLM,2022-03-23,Sell
MMC,2022-03-23,Sell
MMM,2022-03-23,Buy
MNST,2022-03-23,Sell
MO,2022-03-23,Buy
MPC,2022-03-23,Sell
MPWR,2022-03-23,Sell
MRNA,2022-03-23,Sell
MRO,2022-03-23,Sell
MSCI,2022-03-23,Sell
MSFT,2022-03-23,Sell
MSI,2022-03-23,Sell
MTB,2022-03-23,Sell
MTCH,2022-03-23,Sell
MU,2022-03-23,Buy
NDAQ,2022-03-23,Sell
NDSN,2022-03-23,Sell
NEE,2022-03-23,Sell
NEM,2022-03-23,Sell
NFLX,2022-03-23,Sell
NI,2022-03-23,Sell
NKE,2022-03-23,Sell
NLOK,2022-03-23,Buy
NLSN,2022-03-23,Buy
NOC,2022-03-23,Sell
NOW,2022-03-23,Sell
NRG,2022-03-23,Buy
NSC,2022-03-23,Sell
NTAP,2022-03-23,Sell
NTRS,2022-03-23,Sell
NUE,2022-03-23,Sell
NVDA,2022-03-23,Sell
NVR,2022-03-23,Buy
NWSA,2022-03-23,Sell
NXPI,2022-03-23,Buy
ODFL,2022-03-23,Sell
OGN,2022-03-23,Buy
OKE,2022-03-23,Sell
OMC,2022-03-23,Sell
ORCL,2022-03-23,Sell
ORLY,2022-03-23,Buy
OTIS,2022-03-23,Sell
OXY,2022-03-23,Buy
PARA,2022-03-23,Buy
PAYC,2022-03-23,Sell
PAYX,2022-03-23,Sell
PBCT,2022-03-23,Sell
PEAK,2022-03-23,Buy
PEG,2022-03-23,Sell
PEP,2022-03-23,Sell
PFE,2022-03-23,Sell
PFG,2022-03-23,Sell
PGR,2022-03-23,Sell
PH,2022-03-23,Sell
PHM,2022-03-23,Buy
PKG,2022-03-23,Sell
PKI,2022-03-23,Buy
PLD,2022-03-23,Sell
PM,2022-03-23,Sell
PNC,2022-03-23,Sell
PNR,2022-03-23,Sell
PNW,2022-03-23,Buy
POOL,2022-03-23,Sell
PPG,2022-03-23,Sell
PRU,2022-03-23,Sell
PSA,2022-03-23,Sell
PTC,2022-03-23,Sell
PVH,2022-03-23,Sell
PWR,2022-03-23,Sell
PXD,2022-03-23,Sell
PYPL,2022-03-23,Buy
QCOM,2022-03-23,Sell
QRVO,2022-03-23,Sell
RCL,2022-03-23,Buy
RE,2022-03-23,Sell
REG,2022-03-23,Buy
REGN,2022-03-23,Sell
RF,2022-03-23,Sell
RHI,2022-03-23,Sell
RJF,2022-03-23,Sell
RL,2022-03-23,Buy
RMD,2022-03-23,Sell
ROK,2022-03-23,Sell
ROL,2022-03-23,Sell
ROP,2022-03-23,Sell
ROST,2022-03-23,Buy
RSG,2022-03-23,Sell
RTX,2022-03-23,Sell
SBAC,2022-03-23,Sell
SBNY,2022-03-23,Sell
SBUX,2022-03-23,Sell
SCHW,2022-03-23,Sell
SEDG,2022-03-23,Sell
SEE,2022-03-23,Sell
SIVB,2022-03-23,Sell
SJM,2022-03-23,Buy
SLB,2022-03-23,Buy
SNPS,2022-03-23,Sell
SO,2022-03-23,Sell
SPG,2022-03-23,Buy
SPGI,2022-03-23,Sell
SRE,2022-03-23,Sell
STE,2022-03-23,Sell
STT,2022-03-23,Sell
STX,2022-03-23,Sell
STZ,2022-03-23,Buy
SWK,2022-03-23,Buy
SWKS,2022-03-23,Sell
SYF,2022-03-23,Buy
SYK,2022-03-23,Sell
SYY,2022-03-23,Sell
TAP,2022-03-23,Buy
TDG,2022-03-23,Sell
TDY,2022-03-23,Sell
TECH,2022-03-23,Sell
TEL,2022-03-23,Sell
TER,2022-03-23,Sell
TFC,2022-03-23,Sell
TFX,2022-03-23,Sell
TGT,2022-03-23,Sell
TJX,2022-03-23,Sell
TMUS,2022-03-23,Buy
TRMB,2022-03-23,Sell
TROW,2022-03-23,Sell
TRV,2022-03-23,Sell
TSCO,2022-03-23,Sell
TSLA,2022-03-23,Sell
TSN,2022-03-23,Sell
TTWO,2022-03-23,Sell
TWTR,2022-03-23,Buy
TXN,2022-03-23,Sell
TXT,2022-03-23,Sell
TYL,2022-03-23,Sell
UA,2022-03-23,Sell
UAA,2022-03-23,Buy
UAL,2022-03-23,Buy
UDR,2022-03-23,Buy
UHS,2022-03-23,Sell
ULTA,2022-03-23,Buy
UNH,2022-03-23,Sell
URI,2022-03-23,Sell
USB,2022-03-23,Sell
VFC,2022-03-23,Buy
VLO,2022-03-23,Buy
VMC,2022-03-23,Buy
VNO,2022-03-23,Buy
VRSK,2022-03-23,Sell
VRSN,2022-03-23,Sell
VRTX,2022-03-23,Sell
VTR,2022-03-23,Buy
VTRS,2022-03-23,Buy
VZ,2022-03-23,Sell
WAB,2022-03-23,Buy
WAT,2022-03-23,Sell
WDC,2022-03-23,Sell
WEC,2022-03-23,Sell
WFC,2022-03-23,Sell
WHR,2022-03-23,Buy
WM,2022-03-23,Sell
WMB,2022-03-23,Buy
WMT,2022-03-23,Sell
WRB,2022-03-23,Buy
WRK,2022-03-23,Buy
WST,2022-03-23,Buy
WTW,2022-03-23,Buy
WY,2022-03-23,Sell
WYNN,2022-03-23,Buy
XEL,2022-03-23,Buy
XOM,2022-03-23,Buy
XRAY,2022-03-23,Sell
XYL,2022-03-23,Sell
YUM,2022-03-23,Sell
ZBH,2022-03-23,Sell
ZBRA,2022-03-23,Sell
ZION,2022-03-23,Sell
ZTS,2022-03-23,Sell
A,2022-03-24,Sell
AAL,2022-03-24,Sell
AAPL,2022-03-24,Sell
ABBV,2022-03-24,Buy
ABC,2022-03-24,Sell
ABMD,2022-03-24,Sell
ABT,2022-03-24,Sell
ADP,2022-03-24,Buy
ADSK,2022-03-24,Sell
AEE,2022-03-24,Sell
AES,2022-03-24,Sell
AFL,2022-03-24,Sell
AIG,2022-03-24,Sell
AIZ,2022-03-24,Sell
AKAM,2022-03-24,Sell
ALB,2022-03-24,Sell
ALGN,2022-03-24,Sell
ALK,2022-03-24,Sell
ALL,2022-03-24,Sell
ALLE,2022-03-24,Sell
AMAT,2022-03-24,Sell
AMCR,2022-03-24,Buy
AMD,2022-03-24,Sell
AME,2022-03-24,Sell
AMGN,2022-03-24,Sell
AMP,2022-03-24,Buy
AMT,2022-03-24,Sell
AMZN,2022-03-24,Sell
ANET,2022-03-24,Sell
ANSS,2022-03-24,Sell
ANTM,2022-03-24,Sell
AON,2022-03-24,Sell
AOS,2022-03-24,Sell
APH,2022-03-24,Sell
APTV,2022-03-24,Buy
ARE,2022-03-24,Sell
ATO,2022-03-24,Buy
AVB,2022-03-24,Buy
AVGO,2022-03-24,Sell
AVY,2022-03-24,Buy
AWK,2022-03-24,Buy
AXP,2022-03-24,Buy
AZO,2022-03-24,Sell
BA,2022-03-24,Sell
BAC,2022-03-24,Sell
BAX,2022-03-24,Sell
BBWI,2022-03-24,Sell
BBY,2022-03-24,Sell
BDX,2022-03-24,Sell
BF-B,2022-03-24,Sell
BIO,2022-03-24,Sell
BK,2022-03-24,Sell
BKNG,2022-03-24,Sell
BKR,2022-03-24,Buy
BLK,2022-03-24,Buy
BLL,2022-03-24,Sell
BMY,2022-03-24,Buy
BR,2022-03-24,Sell
BRK-B,2022-03-24,Sell
BRO,2022-03-24,Sell
BSX,2022-03-24,Buy
BWA,2022-03-24,Sell
BXP,2022-03-24,Sell
C,2022-03-24,Sell
CAG,2022-03-24,Buy
CAH,2022-03-24,Buy
CARR,2022-03-24,Buy
CAT,2022-03-24,Sell
CB,2022-03-24,Sell
CBRE,2022-03-24,Buy
CCI,2022-03-24,Sell
CCL,2022-03-24,Sell
CDAY,2022-03-24,Sell
CDNS,2022-03-24,Buy
CDW,2022-03-24,Sell
CE,2022-03-24,Buy
CEG,2022-03-24,Sell
CERN,2022-03-24,Buy
CF,2022-03-24,Sell
CFG,2022-03-24,Sell
CHRW,2022-03-24,Buy
CHTR,2022-03-24,Sell
CI,2022-03-24,Sell
CINF,2022-03-24,Sell
CL,2022-03-24,Sell
CMA,2022-03-24,Sell
CMCSA,2022-03-24,Sell
CME,2022-03-24,Sell
CMI,2022-03-24,Sell
CMS,2022-03-24,Sell
CNC,2022-03-24,Buy
CNP,2022-03-24,Sell
COF,2022-03-24,Buy
CPRT,2022-03-24,Sell
CRL,2022-03-24,Sell
CRM,2022-03-24,Sell
CSX,2022-03-24,Sell
CTAS,2022-03-24,Buy
CTRA,2022-03-24,Sell
CTSH,2022-03-24,Sell
CTVA,2022-03-24,Sell
CVX,2022-03-24,Buy
DGX,2022-03-24,Sell
DHR,2022-03-24,Sell
DISCK,2022-03-24,Sell
DLR,2022-03-24,Sell
DOV,2022-03-24,Sell
DOW,2022-03-24,Buy
DPZ,2022-03-24,Sell
DRE,2022-03-24,Buy
DRI,2022-03-24,Sell
DTE,2022-03-24,Sell
DUK,2022-03-24,Buy
DVA,2022-03-24,Sell
DVN,2022-03-24,Buy
DXC,2022-03-24,Buy
DXCM,2022-03-24,Sell
EA,2022-03-24,Buy
EBAY,2022-03-24,Buy
ECL,2022-03-24,Sell
ED,2022-03-24,Sell
EFX,2022-03-24,Sell
EIX,2022-03-24,Sell
EL,2022-03-24,Sell
EMN,2022-03-24,Buy
EMR,2022-03-24,Buy
EOG,2022-03-24,Buy
EPAM,2022-03-24,Sell
EQIX,2022-03-24,Sell
EQR,2022-03-24,Sell
ES,2022-03-24,Buy
ESS,2022-03-24,Buy
ETN,2022-03-24,Sell
ETR,2022-03-24,Buy
ETSY,2022-03-24,Sell
EVRG,2022-03-24,Sell
EW,2022-03-24,Buy
EXC,2022-03-24,Buy
EXPD,2022-03-24,Buy
EXPE,2022-03-24,Buy
EXR,2022-03-24,Buy
F,2022-03-24,Sell
FANG,2022-03-24,Sell
FAST,2022-03-24,Sell
FBHS,2022-03-24,Sell
FDS,2022-03-24,Buy
FDX,2022-03-24,Sell
FE,2022-03-24,Sell
FFIV,2022-03-24,Sell
FIS,2022-03-24,Sell
FISV,2022-03-24,Sell
FITB,2022-03-24,Buy
FLT,2022-03-24,Buy
FMC,2022-03-24,Buy
FOX,2022-03-24,Sell
FOXA,2022-03-24,Sell
FRC,2022-03-24,Buy
FRT,2022-03-24,Buy
FTNT,2022-03-24,Sell
FTV,2022-03-24,Buy
GD,2022-03-24,Buy
GE,2022-03-24,Sell
GILD,2022-03-24,Buy
GIS,2022-03-24,Sell
GL,2022-03-24,Sell
GLW,2022-03-24,Sell
GM,2022-03-24,Sell
GNRC,2022-03-24,Buy
GOOG,2022-03-24,Sell
GOOGL,2022-03-24,Buy
GPC,2022-03-24,Buy
GPN,2022-03-24,Sell
GRMN,2022-03-24,Buy
GWW,2022-03-24,Sell
HAL,2022-03-24,Sell
HAS,2022-03-24,Sell
HBAN,2022-03-24,Sell
HCA,2022-03-24,Buy
HD,2022-03-24,Sell
HES,2022-03-24,Buy
HIG,2022-03-24,Buy
HII,2022-03-24,Buy
HLT,2022-03-24,Buy
HOLX,2022-03-24,Buy
HON,2022-03-24,Sell
HPE,2022-03-24,Sell
HPQ,2022-03-24,Sell
HRL,2022-03-24,Sell
HSIC,2022-03-24,Buy
HST,2022-03-24,Sell
HSY,2022-03-24,Sell
HUM,2022-03-24,Sell
HWM,2022-03-24,Sell
IBM,2022-03-24,Buy
ICE,2022-03-24,Buy
IDXX,2022-03-24,Buy
IEX,2022-03-24,Sell
IFF,2022-03-24,Buy
ILMN,2022-03-24,Sell
INCY,2022-03-24,Buy
INTC,2022-03-24,Sell
INTU,2022-03-24,Sell
IPG,2022-03-24,Buy
IPGP,2022-03-24,Sell
IQV,2022-03-24,Buy
IR,2022-03-24,Buy
IRM,2022-03-24,Buy
ISRG,2022-03-24,Buy
IT,2022-03-24,Sell
ITW,2022-03-24,Buy
IVZ,2022-03-24,Buy
J,2022-03-24,Buy
JBHT,2022-03-24,Sell
JCI,2022-03-24,Buy
JKHY,2022-03-24,Sell
JNJ,2022-03-24,Buy
JNPR,2022-03-24,Buy
JPM,2022-03-24,Buy
K,2022-03-24,Sell
KEY,2022-03-24,Buy
KEYS,2022-03-24,Buy
KHC,2022-03-24,Buy
KIM,2022-03-24,Buy
KLAC,2022-03-24,Buy
KMB,2022-03-24,Buy
KMI,2022-03-24,Buy
KMX,2022-03-24,Sell
KO,2022-03-24,Sell
KR,2022-03-24,Sell
L,2022-03-24,Sell
LDOS,2022-03-24,Sell
LEN,2022-03-24,Sell
LH,2022-03-24,Sell
LHX,2022-03-24,Sell
LIN,2022-03-24,Buy
LKQ,2022-03-24,Buy
LLY,2022-03-24,Buy
LMT,2022-03-24,Sell
LNC,2022-03-24,Buy
LNT,2022-03-24,Sell
LOW,2022-03-24,Buy
LRCX,2022-03-24,Buy
LUMN,2022-03-24,Buy
LUV,2022-03-24,Buy
LVS,2022-03-24,Sell
LW,2022-03-24,Buy
LYB,2022-03-24,Sell
LYV,2022-03-24,Buy
MA,2022-03-24,Buy
MAA,2022-03-24,Buy
MAR,2022-03-24,Buy
MAS,2022-03-24,Buy
MCD,2022-03-24,Sell
MCHP,2022-03-24,Buy
MCK,2022-03-24,Sell
MDT,2022-03-24,Sell
MET,2022-03-24,Sell
MGM,2022-03-24,Sell
MHK,2022-03-24,Buy
MMC,2022-03-24,Buy
MMM,2022-03-24,Buy
MNST,2022-03-24,Sell
MO,2022-03-24,Buy
MOH,2022-03-24,Sell
MOS,2022-03-24,Sell
MPC,2022-03-24,Buy
MPWR,2022-03-24,Buy
MRK,2022-03-24,Buy
MRNA,2022-03-24,Buy
MRO,2022-03-24,Sell
MS,2022-03-24,Buy
MSCI,2022-03-24,Sell
MSFT,2022-03-24,Buy
MSI,2022-03-24,Buy
MTB,2022-03-24,Buy
MTCH,2022-03-24,Sell
MTD,2022-03-24,Sell
MU,2022-03-24,Sell
NCLH,2022-03-24,Sell
NDAQ,2022-03-24,Buy
NDSN,2022-03-24,Buy
NEE,2022-03-24,Buy
NEM,2022-03-24,Buy
NFLX,2022-03-24,Sell
NI,2022-03-24,Sell
NKE,2022-03-24,Sell
NLOK,2022-03-24,Sell
NLSN,2022-03-24,Sell
NOC,2022-03-24,Buy
NOW,2022-03-24,Buy
NRG,2022-03-24,Sell
NSC,2022-03-24,Buy
NTAP,2022-03-24,Sell
NTRS,2022-03-24,Buy
NUE,2022-03-24,Sell
NVR,2022-03-24,Buy
NWL,2022-03-24,Sell
NWS,2022-03-24,Buy
NWSA,2022-03-24,Sell
NXPI,2022-03-24,Buy
O,2022-03-24,Sell
ODFL,2022-03-24,Buy
OGN,2022-03-24,Sell
OKE,2022-03-24,Sell
OMC,2022-03-24,Sell
ORCL,2022-03-24,Sell
ORLY,2022-03-24,Sell
OTIS,2022-03-24,Buy
OXY,2022-03-24,Buy
PARA,2022-03-24,Buy
PAYC,2022-03-24,Sell
PAYX,2022-03-24,Sell
PBCT,2022-03-24,Buy
PCAR,2022-03-24,Sell
PEAK,2022-03-24,Buy
PEG,2022-03-24,Sell
PENN,2022-03-24,Buy
PEP,2022-03-24,Sell
PFE,2022-03-24,Sell
PG,2022-03-24,Buy
PGR,2022-03-24,Buy
PH,2022-03-24,Sell
PHM,2022-03-24,Buy
PKG,2022-03-24,Sell
PNR,2022-03-24,Buy
PNW,2022-03-24,Sell
POOL,2022-03-24,Buy
PPL,2022-03-24,Sell
PRU,2022-03-24,Buy
PSA,2022-03-24,Sell
PSX,2022-03-24,Buy
PVH,2022-03-24,Sell
PWR,2022-03-24,Buy
PXD,2022-03-24,Sell
PYPL,2022-03-24,Sell
QCOM,2022-03-24,Sell
QRVO,2022-03-24,Sell
RCL,2022-03-24,Buy
RE,2022-03-24,Buy
REG,2022-03-24,Sell
REGN,2022-03-24,Buy
RF,2022-03-24,Buy
RHI,2022-03-24,Buy
RJF,2022-03-24,Sell
RL,2022-03-24,Sell
RMD,2022-03-24,Buy
ROK,2022-03-24,Sell
ROL,2022-03-24,Buy
ROP,2022-03-24,Sell
ROST,2022-03-24,Sell
SBAC,2022-03-24,Sell
SBNY,2022-03-24,Buy
SBUX,2022-03-24,Sell
SCHW,2022-03-24,Sell
SEE,2022-03-24,Buy
SHW,2022-03-24,Sell
SIVB,2022-03-24,Buy
SJM,2022-03-24,Sell
SLB,2022-03-24,Sell
SNA,2022-03-24,Sell
SNPS,2022-03-24,Buy
SO,2022-03-24,Sell
SPG,2022-03-24,Buy
SPGI,2022-03-24,Buy
SRE,2022-03-24,Sell
STE,2022-03-24,Buy
STX,2022-03-24,Buy
SWK,2022-03-24,Buy
SWKS,2022-03-24,Sell
SYF,2022-03-24,Sell
SYK,2022-03-24,Sell
SYY,2022-03-24,Sell
T,2022-03-24,Buy
TAP,2022-03-24,Sell
TDG,2022-03-24,Sell
TDY,2022-03-24,Sell
TECH,2022-03-24,Sell
TEL,2022-03-24,Buy
TER,2022-03-24,Buy
TFC,2022-03-24,Buy
TFX,2022-03-24,Sell
TGT,2022-03-24,Sell
TJX,2022-03-24,Buy
TMO,2022-03-24,Sell
TMUS,2022-03-24,Sell
TPR,2022-03-24,Buy
TROW,2022-03-24,Buy
TRV,2022-03-24,Sell
TSCO,2022-03-24,Sell
TSLA,2022-03-24,Sell
TSN,2022-03-24,Buy
TT,2022-03-24,Sell
TTWO,2022-03-24,Sell
TWTR,2022-03-24,Sell
TXN,2022-03-24,Sell
TXT,2022-03-24,Buy
TYL,2022-03-24,Sell
UAA,2022-03-24,Sell
UAL,2022-03-24,Sell
UDR,2022-03-24,Sell
UHS,2022-03-24,Sell
ULTA,2022-03-24,Buy
UNP,2022-03-24,Buy
UPS,2022-03-24,Sell
URI,2022-03-24,Sell
V,2022-03-24,Sell
VFC,2022-03-24,Buy
VLO,2022-03-24,Sell
VMC,2022-03-24,Sell
VNO,2022-03-24,Sell
VTRS,2022-03-24,Buy
VZ,2022-03-24,Buy
WAB,2022-03-24,Sell
WBA,2022-03-24,Buy
WDC,2022-03-24,Buy
WELL,2022-03-24,Sell
WFC,2022-03-24,Buy
WHR,2022-03-24,Buy
WMT,2022-03-24,Sell
XOM,2022-03-24,Buy
XYL,2022-03-24,Sell
ZBRA,2022-03-24,Sell
ZTS,2022-03-24,Buy
